HOLOGRAM NUMBER,OBJECT NUMBER,X POSITION (m),Y POSITION (m),Z POSITION (m),NUMBER OF VOXEL
1,1,9.39503516e-05,1.44180524e-06,2.60730599e-06,2085
1,2,2.58098571e-05,2.72897942e-05,4.09666109e-06,8487
1,3,9.84189610e-05,4.57185306e-05,0.00000000e+00,18
1,4,8.45852337e-05,5.82426510e-05,0.00000000e+00,12
1,5,8.53627935e-05,6.26205510e-05,4.24401196e-06,10171
1,6,7.69568869e-05,6.53905226e-05,2.26559095e-07,213
1,7,7.43422424e-05,7.03170226e-05,3.70673270e-08,40
1,8,7.82292336e-05,7.07527797e-05,7.89067744e-09,62
1,9,7.63062271e-05,7.19347372e-05,3.24619833e-07,257
1,10,2.33756000e-05,7.37496157e-05,5.04774107e-07,861
1,11,8.79864892e-05,7.68132959e-05,1.58455907e-06,2346
1,12,2.18314217e-05,8.54577738e-05,4.29757210e-06,11560
1,13,1.21892255e-04,9.16871286e-05,8.87148508e-06,10318
1,14,4.25822054e-06,1.04162631e-04,2.44137618e-06,1919
1,15,1.01652033e-04,1.10467510e-04,4.83812846e-06,11130
1,16,1.83858210e-05,1.14573661e-04,4.32533443e-06,16929
1,17,5.60221852e-05,1.17059615e-04,1.22229062e-06,2620
1,18,9.95642768e-05,1.17040167e-04,4.32064326e-07,470
1,19,1.14952629e-04,1.18685341e-04,2.03492800e-06,4256
1,20,9.78080279e-05,1.20319040e-04,9.05048353e-07,1650
1,21,8.35708925e-05,9.00443192e-05,9.16150657e-06,1117
1,22,9.29228772e-05,1.11982408e-04,1.12338666e-05,2284
1,23,4.89905105e-05,1.39246358e-05,1.68768402e-05,2000
1,24,9.92723799e-05,4.60548436e-05,1.75729292e-05,2808
1,25,1.06380015e-04,1.07268395e-04,1.80227416e-05,1707
1,26,7.85528537e-05,4.55927875e-05,1.78930823e-05,817
1,27,8.22980874e-05,6.74562980e-05,2.78744119e-05,11602
1,28,1.20865530e-04,7.70178303e-05,2.04458447e-05,1124
1,29,1.34852789e-05,2.48435663e-05,2.10069284e-05,202
1,30,1.00095982e-04,1.20902798e-04,2.48630658e-05,1246
1,31,1.31267545e-04,5.69987242e-05,2.65993222e-05,3375
1,32,1.19453762e-05,3.93578848e-05,2.49296463e-05,326
1,33,2.86318045e-05,1.03761253e-04,2.60400102e-05,156
1,34,6.67410404e-06,7.04374033e-05,2.79372598e-05,999
1,35,7.58345996e-05,1.23548991e-04,3.21521438e-05,1780
1,36,1.27886145e-04,2.59959270e-05,3.17496379e-05,781
1,37,1.05536797e-04,3.86107422e-05,3.51822746e-05,3078
1,38,5.42411326e-05,8.60663058e-05,3.64921943e-05,2911
1,39,2.56711410e-05,1.28446089e-04,3.73777511e-05,2980
1,40,9.85334773e-05,1.13242841e-05,3.68529181e-05,274
1,41,4.13919661e-05,1.33099602e-04,4.20304241e-05,4712
1,42,1.12226451e-04,3.58317484e-05,3.96132746e-05,865
1,43,9.42981133e-05,5.34620121e-05,4.01082398e-05,1618
1,44,7.62686104e-05,5.56186205e-05,4.46215672e-05,6118
1,45,1.08332606e-04,2.25176427e-05,4.13511734e-05,1838
1,46,5.73324869e-05,8.67915151e-05,4.06851723e-05,941
1,47,6.55510667e-05,1.35623370e-04,4.23227284e-05,1771
1,48,8.82607274e-05,1.11773170e-05,4.27711020e-05,535
1,49,5.25590222e-05,2.84169128e-05,4.23836864e-05,374
1,50,5.07399309e-05,6.33602831e-05,4.35051006e-05,656
1,51,7.06153733e-05,5.38039276e-05,4.60427291e-05,3051
1,52,1.42498775e-05,5.31559526e-05,4.55330955e-05,1547
1,53,1.87814312e-05,5.68917494e-05,4.46325794e-05,1078
1,54,8.47940282e-06,6.58865829e-05,4.60761003e-05,73
1,55,1.36703980e-04,1.13061993e-04,5.00361966e-05,1577
1,56,2.88796527e-05,2.13295225e-05,4.71443745e-05,318
1,57,1.15461429e-04,4.27201594e-05,5.06928009e-05,3636
1,58,8.63774476e-05,7.01112440e-05,4.80746712e-05,40
1,59,4.42426281e-05,1.04915991e-04,5.08201629e-05,1727
1,60,1.13501133e-04,1.29385342e-04,5.37766173e-05,2681
1,61,1.11104546e-05,3.08286944e-05,5.09641759e-05,755
1,62,1.76764406e-05,7.09348460e-05,5.09975507e-05,1043
1,63,1.13163682e-04,2.45303490e-05,5.19676942e-05,961
1,64,4.58365721e-05,1.24692728e-04,5.45427247e-05,4934
1,65,3.35883415e-05,9.02304382e-05,5.35854851e-05,2148
1,66,5.01303839e-05,9.03663749e-05,5.31781261e-05,2424
1,67,9.21907413e-05,1.18031290e-04,5.51841440e-05,1291
1,68,7.81340132e-05,1.24322905e-04,5.72790486e-05,2108
1,69,5.40200635e-05,1.13495398e-05,5.65553928e-05,143
1,70,8.84651090e-05,6.68064022e-05,6.15013123e-05,4909
1,71,7.36621805e-05,5.49632314e-05,5.68947507e-05,196
1,72,9.19017766e-05,1.15243020e-05,5.86170936e-05,730
1,73,1.49533998e-05,3.74926603e-05,5.86218484e-05,359
1,74,7.89905534e-05,5.45583644e-05,6.08312985e-05,1946
1,75,6.38249912e-05,5.20653557e-05,5.99594568e-05,1654
1,76,5.11211547e-05,2.51964320e-05,6.16502439e-05,1527
1,77,6.98861186e-05,6.23767119e-05,6.25003086e-05,1833
1,78,5.32998747e-05,9.86192390e-05,6.18510458e-05,970
1,79,1.18174110e-04,2.80677032e-05,6.22888474e-05,726
1,80,3.97877884e-05,3.27356393e-05,6.26681212e-05,871
1,81,6.70296067e-05,8.92584721e-05,6.26970505e-05,1225
1,82,1.47271076e-05,9.98618343e-05,6.27536501e-05,2163
1,83,5.29471909e-05,1.02138692e-04,6.26246183e-05,1566
1,84,1.38710193e-05,5.08867415e-05,6.22808657e-05,57
2,1,9.37220320e-05,1.97857412e-06,3.22439109e-06,1333
2,2,2.57749816e-05,2.73491823e-05,4.29900001e-06,8092
2,3,1.01071906e-04,4.32457709e-05,7.06186825e-07,469
2,4,9.89075634e-05,4.83321637e-05,2.63302667e-07,598
2,5,4.12287960e-07,5.57366329e-05,4.46823748e-07,282
2,6,2.43851955e-05,5.69463809e-05,0.00000000e+00,32
2,7,7.47794184e-05,5.98832012e-05,0.00000000e+00,69
2,8,8.48496420e-05,6.29915667e-05,4.44639727e-06,13456
2,9,7.30537722e-05,6.06096110e-05,0.00000000e+00,10
2,10,7.58784154e-05,6.45278633e-05,1.13158512e-06,2596
2,11,7.20751268e-05,6.87845313e-05,2.92780584e-07,498
2,12,2.32190905e-05,7.35550493e-05,5.34466949e-07,819
2,13,8.82904278e-05,7.67950114e-05,1.54479005e-06,1477
2,14,2.17561810e-05,8.55263206e-05,4.28354997e-06,10097
2,15,8.24804156e-05,8.75880578e-05,5.15774332e-07,336
2,16,1.21354169e-04,9.30090318e-05,2.07973676e-06,3257
2,17,4.99816542e-06,1.04790110e-04,2.49077630e-06,2008
2,18,1.01677775e-04,1.10579778e-04,4.93263951e-06,14485
2,19,1.83891098e-05,1.14472983e-04,4.33064542e-06,16743
2,20,5.58559623e-05,1.16115196e-04,1.11480790e-06,2248
2,21,9.86194063e-05,1.18566815e-04,6.89623789e-07,1770
2,22,1.14112408e-04,1.18704964e-04,2.33510877e-06,4963
2,23,8.35961182e-05,8.99766019e-05,8.83361099e-06,1533
2,24,1.22086902e-04,9.15247292e-05,1.26173700e-05,3230
2,25,9.30577662e-05,1.11999165e-04,1.12499583e-05,1864
2,26,9.95804148e-05,4.60105257e-05,1.71021184e-05,3378
2,27,4.93963635e-05,1.42228573e-05,1.73322569e-05,1998
2,28,1.38730320e-04,3.52941970e-05,1.57097475e-05,19
2,29,7.91817001e-05,4.50201769e-05,1.77992206e-05,932
2,30,1.06426938e-04,1.07173269e-04,1.79537637e-05,1516
2,31,8.22674774e-05,6.73451650e-05,2.83810768e-05,13585
2,32,1.21035751e-04,7.64844590e-05,2.03391028e-05,1385
2,33,1.35958471e-05,2.49378954e-05,2.07942066e-05,125
2,34,1.00294892e-04,1.20984274e-04,2.48709457e-05,1345
2,35,1.31252134e-04,5.69902659e-05,2.70343589e-05,3640
2,36,1.21187950e-05,3.92783331e-05,2.49091754e-05,327
2,37,2.86494178e-05,1.03792401e-04,2.59981334e-05,205
2,38,7.20578782e-06,7.10173845e-05,2.76212195e-05,520
2,39,7.54254870e-05,1.23943828e-04,3.15136422e-05,2732
2,40,5.34748142e-05,8.72266100e-05,3.06026523e-05,111
2,41,1.27941646e-04,2.66051466e-05,3.14049503e-05,665
2,42,5.42819580e-05,8.59983411e-05,3.62239225e-05,3452
2,43,1.05500389e-04,3.83972547e-05,3.51892850e-05,2574
2,44,7.60895709e-05,5.55030783e-05,4.36760747e-05,7294
2,45,2.56370749e-05,1.28601285e-04,3.73912153e-05,2724
2,46,9.86167433e-05,1.13159704e-05,3.69986592e-05,320
2,47,1.11968446e-04,3.57330391e-05,3.94044873e-05,954
2,48,6.90643137e-05,5.28944256e-05,3.83178412e-05,115
2,49,9.36398719e-05,5.33062848e-05,3.98975499e-05,2081
2,50,4.14076931e-05,1.33021211e-04,4.18556265e-05,4394
2,51,1.08331049e-04,2.26498760e-05,4.12743066e-05,1690
2,52,5.73069192e-05,8.67388735e-05,4.05298524e-05,1251
2,53,6.53726674e-05,1.35191134e-04,4.26711558e-05,2029
2,54,8.84876354e-05,1.12770313e-05,4.24604550e-05,384
2,55,5.25783653e-05,2.84788657e-05,4.26545703e-05,709
2,56,5.08318262e-05,6.36305704e-05,4.33683526e-05,590
2,57,1.41716855e-05,5.31560436e-05,4.56030939e-05,2246
2,58,3.96460055e-05,3.09509028e-06,4.36919618e-05,57
2,59,7.08172010e-05,5.37250598e-05,4.63734032e-05,3502
2,60,1.88586400e-05,5.68371906e-05,4.44753641e-05,802
2,61,1.36970484e-04,1.13373251e-04,5.02550574e-05,2225
2,62,2.88608844e-05,2.13750918e-05,4.71532949e-05,314
2,63,1.15844712e-04,4.23769743e-05,5.04691016e-05,3648
2,64,4.42062155e-05,1.04920582e-04,5.08904341e-05,1825
2,65,1.16703441e-05,3.08501767e-05,5.04910058e-05,328
2,66,1.75643308e-05,7.09809538e-05,5.11436883e-05,1110
2,67,1.13200571e-04,2.45308911e-05,5.20603244e-05,983
2,68,4.56531343e-05,1.24586455e-04,5.48523567e-05,4853
2,69,1.12926929e-04,1.29821157e-04,5.38834211e-05,2100
2,70,3.36438497e-05,9.02892280e-05,5.36808584e-05,2338
2,71,5.01403629e-05,9.04051994e-05,5.33502607e-05,2757
2,72,9.21457904e-05,1.18117488e-04,5.50412551e-05,2181
2,73,5.40248657e-05,1.14858985e-05,5.60594526e-05,329
2,74,8.98794460e-05,6.70403606e-05,5.55740335e-05,184
2,75,5.39094108e-05,1.00625271e-04,5.54769649e-05,44
2,76,7.79697366e-05,1.24395985e-04,5.71275195e-05,2161
2,77,9.19301092e-05,1.15713174e-05,5.84605550e-05,1130
2,78,7.37860537e-05,5.50144396e-05,5.66850067e-05,121
2,79,1.40822849e-05,3.74014598e-05,5.86358183e-05,427
2,80,6.42875020e-05,5.13107843e-05,5.96772952e-05,1640
2,81,8.86761336e-05,6.64908148e-05,6.13385128e-05,4401
2,82,7.96187014e-05,5.51476442e-05,6.15279423e-05,931
2,83,5.16073997e-05,8.91319287e-05,6.02012697e-05,52
2,84,5.14839958e-05,2.49918558e-05,6.15988029e-05,1834
2,85,6.99566663e-05,6.23318192e-05,6.24393506e-05,1843
2,86,5.27047559e-05,9.94176662e-05,6.20156861e-05,1429
2,87,1.37908546e-05,5.05791286e-05,6.14904420e-05,211
2,88,1.43990246e-05,1.00133562e-04,6.27140616e-05,2786
2,89,1.18029675e-04,2.78482912e-05,6.21674772e-05,463
2,90,4.00413737e-05,3.22748565e-05,6.26934343e-05,1120
2,91,6.71046655e-05,8.90320807e-05,6.28300986e-05,990
2,92,5.32245831e-05,1.02322556e-04,6.26592955e-05,1317
2,93,5.40797519e-05,1.00653851e-04,6.97289870e-05,59
3,1,9.44938729e-05,3.26470126e-06,0.00000000e+00,27
3,2,2.56911753e-05,2.73360693e-05,4.38417192e-06,6926
3,3,1.01131860e-04,4.30412911e-05,2.56646587e-07,92
3,4,9.94830334e-05,4.69373044e-05,0.00000000e+00,30
3,5,9.91548441e-05,4.90614220e-05,1.44997799e-07,114
3,6,9.97009774e-05,5.18082961e-05,2.60153683e-07,144
3,7,8.53429185e-07,5.62643691e-05,4.31326782e-07,446
3,8,7.63720454e-05,5.93128534e-05,1.11953362e-07,234
3,9,8.46888943e-05,6.33870732e-05,5.02351440e-06,13024
3,10,7.43243872e-05,6.28523267e-05,1.62236191e-07,119
3,11,7.23536214e-05,6.38925194e-05,1.79787691e-07,341
3,12,7.80411210e-05,6.37212288e-05,1.40581687e-06,658
3,13,7.17867370e-05,6.90135203e-05,0.00000000e+00,24
3,14,2.31123886e-05,7.40388859e-05,1.75341953e-07,245
3,15,8.82493405e-05,7.68824248e-05,1.52810014e-06,1621
3,16,2.16962471e-05,8.55316830e-05,4.37397921e-06,11318
3,17,8.22762304e-05,8.76630947e-05,5.43100100e-07,376
3,18,1.21316938e-04,9.32797702e-05,1.85782710e-06,2874
3,19,5.90380569e-06,1.05001775e-04,2.41320981e-06,2771
3,20,1.01480473e-04,1.09858935e-04,5.61260686e-06,9154
3,21,1.82657568e-05,1.14490518e-04,4.27213718e-06,18308
3,22,1.02513448e-04,1.13655762e-04,9.75470243e-07,1788
3,23,5.56373197e-05,1.15198753e-04,9.98457949e-07,1915
3,24,9.83766877e-05,1.18715470e-04,8.44483850e-07,2397
3,25,1.13504080e-04,1.18683944e-04,2.16016429e-06,3427
3,26,4.84644625e-05,1.19572520e-04,2.22896936e-08,43
3,27,1.22298690e-04,9.16024219e-05,1.31287115e-05,4630
3,28,9.30923488e-05,2.24084192e-06,6.77507933e-06,51
3,29,8.35744213e-05,9.00157320e-05,8.87396072e-06,1432
3,30,9.32105468e-05,1.11884299e-04,1.11131967e-05,1936
3,31,7.94633233e-05,6.42251398e-05,1.29871232e-05,146
3,32,1.00154255e-04,4.59485527e-05,1.72410837e-05,3003
3,33,4.97042747e-05,1.46943903e-05,1.77316815e-05,2368
3,34,1.38621152e-04,3.54117474e-05,1.54999998e-05,13
3,35,7.96247768e-05,4.45691512e-05,1.78366336e-05,1252
3,36,1.06541098e-04,1.07145977e-04,1.80232546e-05,1459
3,37,8.47121919e-05,6.65336775e-05,1.96518904e-05,197
3,38,1.21177261e-04,7.59220566e-05,2.03941163e-05,1147
3,39,1.37583183e-05,2.49615914e-05,2.09005011e-05,165
3,40,8.22653747e-05,6.74256153e-05,2.84088910e-05,11584
3,41,1.00533733e-04,1.21075929e-04,2.48952419e-05,1017
3,42,1.20112436e-05,3.91868853e-05,2.45088177e-05,112
3,43,1.31377266e-04,5.69772164e-05,2.71785157e-05,3412
3,44,7.51147991e-06,7.14548441e-05,2.73614605e-05,1005
3,45,2.88328865e-05,1.03946943e-04,2.60089491e-05,250
3,46,7.49919855e-05,1.24376456e-04,3.08887065e-05,3366
3,47,1.27750856e-04,2.72801281e-05,3.12975862e-05,335
3,48,7.55083456e-05,5.51732519e-05,4.25557992e-05,10274
3,49,5.43644310e-05,8.61054432e-05,3.57404606e-05,3068
3,50,1.05502761e-04,3.82255275e-05,3.52104726e-05,2533
3,51,2.56129897e-05,1.28727508e-04,3.72491013e-05,2541
3,52,9.87223320e-05,1.12267517e-05,3.66047680e-05,336
3,53,1.11691937e-04,3.54850708e-05,3.88449553e-05,1033
3,54,9.31525210e-05,5.32820122e-05,3.97167423e-05,1725
3,55,4.15111863e-05,1.32992180e-04,4.17035444e-05,4866
3,56,5.72411445e-05,8.68000061e-05,4.05282372e-05,1336
3,57,1.08532877e-04,2.28244189e-05,4.11103174e-05,1313
3,58,6.51879891e-05,1.34834103e-04,4.29285392e-05,1932
3,59,5.27128759e-05,2.85476253e-05,4.25312828e-05,485
3,60,8.84661276e-05,1.12584930e-05,4.25320432e-05,170
3,61,5.09172824e-05,6.36909244e-05,4.37666276e-05,650
3,62,7.09185406e-05,5.35151848e-05,4.60354931e-05,2759
3,63,1.89147067e-05,5.67964416e-05,4.44851175e-05,961
3,64,1.40754601e-05,5.33139573e-05,4.57832321e-05,1064
3,65,8.01638089e-06,6.38467318e-05,4.62874123e-05,101
3,66,2.89624750e-05,2.13570620e-05,4.71049098e-05,249
3,67,1.37216834e-04,1.13592985e-04,5.08192061e-05,609
3,68,1.12365466e-04,1.30320899e-04,5.30187353e-05,2313
3,69,1.15910821e-04,4.24125319e-05,4.98808186e-05,1565
3,70,4.41920056e-05,1.04819243e-04,5.09194360e-05,2054
3,71,1.21946741e-05,3.05945505e-05,5.04744421e-05,507
3,72,1.76099275e-05,7.11884641e-05,5.13099912e-05,1232
3,73,1.13085451e-04,2.45059236e-05,5.21041839e-05,1078
3,74,9.09750815e-05,6.84854531e-05,5.11223734e-05,111
3,75,3.36008598e-05,9.02304382e-05,5.37113556e-05,1906
3,76,5.04145210e-05,9.05859488e-05,5.29498902e-05,1953
3,77,4.52239437e-05,1.24724422e-04,5.54789840e-05,5277
3,78,9.19683371e-05,1.18228476e-04,5.47265918e-05,2471
3,79,8.93448887e-05,6.67428758e-05,6.02937289e-05,6201
3,80,5.39613757e-05,1.16453830e-05,5.58027677e-05,917
3,81,7.70400002e-05,1.24356462e-04,5.70172488e-05,2305
3,82,7.34394562e-05,5.50797049e-05,5.61312663e-05,19
3,83,9.21000392e-05,1.14739323e-05,5.90974560e-05,847
3,84,1.34876564e-05,3.75695781e-05,5.85148155e-05,565
3,85,6.46755798e-05,5.08266676e-05,5.96732716e-05,1807
3,86,5.29862882e-05,1.01015343e-04,6.22862717e-05,3355
3,87,8.02514551e-05,5.60128610e-05,6.26965266e-05,1936
3,88,5.18931884e-05,2.47138560e-05,6.14732344e-05,1673
3,89,6.99900847e-05,6.22622611e-05,6.24314998e-05,1997
3,90,1.39950516e-05,5.07142940e-05,6.15431272e-05,280
3,91,1.41912042e-05,1.00302772e-04,6.26076799e-05,2446
3,92,3.99432975e-05,3.20352046e-05,6.26067413e-05,927
3,93,6.71164671e-05,8.87595743e-05,6.27654299e-05,1049
3,94,1.17827978e-04,2.75239181e-05,6.24832101e-05,549
3,95,4.12540112e-06,8.52256853e-05,6.33514210e-05,51
4,1,2.57606825e-05,2.72767738e-05,4.54594374e-06,5937
4,2,1.01241982e-04,4.29105858e-05,3.80462986e-08,13
4,3,7.83315613e-07,5.73824109e-05,4.36348188e-07,457
4,4,2.48033866e-05,5.68597679e-05,3.07627317e-07,94
4,5,8.31709913e-05,6.64716354e-05,2.08380588e-05,25645
4,6,8.84994733e-05,6.20992432e-05,2.36058298e-07,317
4,7,2.30534260e-05,7.38638992e-05,2.66796292e-07,345
4,8,8.82712702e-05,7.71084669e-05,1.68376198e-06,1801
4,9,2.17741090e-05,8.56685729e-05,4.35326774e-06,11235
4,10,8.21622089e-05,8.77451748e-05,8.03893499e-07,826
4,11,8.52161611e-05,9.20924649e-05,3.34639026e-07,257
4,12,1.21118370e-04,9.30910319e-05,3.58901246e-07,535
4,13,6.87202055e-06,1.05381507e-04,2.60177467e-06,3123
4,14,1.01438687e-04,1.09866924e-04,5.62946161e-06,7980
4,15,1.85059143e-05,1.14417882e-04,4.26534325e-06,15510
4,16,1.02580008e-04,1.13755283e-04,6.83152848e-07,1154
4,17,5.55886909e-05,1.14109193e-04,1.04800972e-06,2177
4,18,9.85853767e-05,1.18477263e-04,9.32039086e-07,3471
4,19,1.12790782e-04,1.18885204e-04,2.52191580e-06,5441
4,20,1.05332799e-06,5.74229416e-05,3.71752958e-06,175
4,21,8.34889142e-05,9.00086816e-05,8.86234466e-06,2052
4,22,8.69465512e-05,6.18058548e-05,7.94915013e-06,99
4,23,9.32677576e-05,1.11825917e-04,1.11336658e-05,1918
4,24,7.87735044e-05,6.21708023e-05,1.10767514e-05,60
4,25,1.22467347e-04,9.16229692e-05,1.37063489e-05,3428
4,26,1.00637553e-04,4.62831886e-05,1.71537467e-05,2743
4,27,9.43387422e-05,1.11746143e-04,1.59501342e-05,10
4,28,5.00690694e-05,1.53369456e-05,1.79120507e-05,1504
4,29,8.01074566e-05,4.41466764e-05,1.74913839e-05,1019
4,30,1.06569081e-04,1.06997628e-04,1.80149200e-05,1505
4,31,1.21267825e-04,7.55823930e-05,2.03169893e-05,1169
4,32,1.38308933e-05,2.48874348e-05,2.08480469e-05,39
4,33,1.20619970e-05,3.90422138e-05,2.46599429e-05,338
4,34,1.00433463e-04,1.21023164e-04,2.49744317e-05,1044
4,35,1.31346926e-04,5.67340940e-05,2.74811755e-05,2747
4,36,2.88684223e-05,1.04115003e-04,2.59497192e-05,600
4,37,7.95862070e-06,7.20601893e-05,2.72699126e-05,460
4,38,7.46322112e-05,1.24732251e-04,3.02986009e-05,2600
4,39,7.51374973e-05,5.50218101e-05,4.14134738e-05,10008
4,40,1.27833555e-04,2.79747765e-05,3.10299074e-05,1019
4,41,5.43781971e-05,8.63017194e-05,3.57384451e-05,2485
4,42,1.05571831e-04,3.82107646e-05,3.50684022e-05,2539
4,43,2.56804396e-05,1.28673346e-04,3.75118652e-05,2497
4,44,9.87580497e-05,1.11855816e-05,3.67930588e-05,444
4,45,9.25953209e-05,5.32540798e-05,3.94725430e-05,1845
4,46,1.11147499e-04,3.53958712e-05,3.92537950e-05,1178
4,47,4.15444265e-05,1.33068083e-04,4.18388190e-05,4737
4,48,1.08583779e-04,2.28738227e-05,4.12344270e-05,1972
4,49,6.93965048e-05,5.28352612e-05,4.02172627e-05,235
4,50,5.71530218e-05,8.69234209e-05,4.04360144e-05,1112
4,51,6.48779023e-05,1.34504284e-04,4.33372297e-05,2355
4,52,8.85513800e-05,1.12087000e-05,4.27155319e-05,476
4,53,5.27928023e-05,2.87093535e-05,4.25453618e-05,289
4,54,1.90649007e-05,5.67350326e-05,4.43536810e-05,992
4,55,5.09684687e-05,6.37068952e-05,4.37265226e-05,789
4,56,7.10406093e-05,5.34299761e-05,4.62420139e-05,2851
4,57,1.38669293e-05,5.34063984e-05,4.59135117e-05,917
4,58,7.97495522e-06,6.30687500e-05,4.61806012e-05,22
4,59,2.89539803e-05,2.13833118e-05,4.70649757e-05,54
4,60,1.11912581e-04,1.30626941e-04,5.22119844e-05,2949
4,61,1.15810282e-04,4.19924909e-05,4.99150956e-05,1515
4,62,8.93737888e-05,6.92228714e-05,5.14704188e-05,1436
4,63,1.36913586e-04,1.13990165e-04,5.04197269e-05,505
4,64,1.29159016e-05,3.06106849e-05,5.01739050e-05,508
4,65,4.41963712e-05,1.04812694e-04,5.09320016e-05,2063
4,66,1.76629692e-05,7.11810571e-05,5.12244951e-05,1253
4,67,1.13084672e-04,2.46318359e-05,5.19662353e-05,1112
4,68,3.34933175e-05,9.00951709e-05,5.37496126e-05,1729
4,69,5.04701857e-05,9.05868292e-05,5.26569420e-05,1238
4,70,9.18646037e-05,1.18282696e-04,5.47347117e-05,3067
4,71,4.52328313e-05,1.24752114e-04,5.58792235e-05,4123
4,72,5.40637629e-05,1.15070934e-05,5.63150024e-05,1023
4,73,7.64466968e-05,1.24197511e-04,5.67368770e-05,2626
4,74,9.21479004e-05,1.13846381e-05,5.94696467e-05,1031
4,75,6.48785208e-05,5.04251766e-05,5.95448510e-05,1608
4,76,8.93747638e-05,6.69139918e-05,6.10343268e-05,4660
4,77,1.24410926e-05,3.75683339e-05,5.85521957e-05,164
4,78,5.16335422e-05,8.94652985e-05,5.84651607e-05,29
4,79,5.20441754e-05,2.46525560e-05,6.14008168e-05,1417
4,80,6.99688244e-05,6.22848966e-05,6.22677326e-05,1843
4,81,1.40318652e-05,5.07318000e-05,6.16028847e-05,390
4,82,8.06331955e-05,5.64382972e-05,6.26697583e-05,1356
4,83,1.41944474e-05,1.00562560e-04,6.23591259e-05,1999
4,84,5.32672457e-05,1.01834812e-04,6.25722605e-05,2479
4,85,1.17475116e-04,2.74823233e-05,6.22980369e-05,272
4,86,3.99864693e-05,3.12086595e-05,6.26613546e-05,730
4,87,6.71635571e-05,8.84404581e-05,6.27124464e-05,768
4,88,4.08066171e-06,8.52378944e-05,6.31245857e-05,178
5,1,2.58016462e-05,2.73261339e-05,4.63966126e-06,5853
5,2,1.01328180e-04,4.74232074e-05,3.00364292e-07,361
5,3,9.99214899e-05,5.14471612e-05,5.16745047e-07,463
5,4,9.89439577e-05,5.49580618e-05,0.00000000e+00,57
5,5,2.45922838e-05,5.67248317e-05,3.27737354e-07,150
5,6,1.88114689e-06,5.81476743e-05,2.18784567e-06,1105
5,7,8.05658347e-05,6.01363208e-05,6.90739853e-07,411
5,8,7.75769731e-05,6.37463017e-05,1.42795341e-06,919
5,9,8.15645035e-05,6.44302345e-05,4.78498919e-07,911
5,10,8.31108118e-05,6.67494460e-05,2.27694018e-05,24320
5,11,2.30419955e-05,7.38254676e-05,1.26089347e-07,140
5,12,8.79877698e-05,7.69435137e-05,1.71338377e-06,2318
5,13,2.16960543e-05,8.56582919e-05,4.38938650e-06,9652
5,14,8.21897847e-05,8.76968479e-05,4.89913702e-07,341
5,15,1.21259240e-04,9.32126713e-05,4.12105152e-07,693
5,16,7.80567370e-06,1.05965890e-04,2.67173823e-06,4151
5,17,1.01389007e-04,1.09907938e-04,5.36193238e-06,5900
5,18,1.85675526e-05,1.14432019e-04,4.39320502e-06,15388
5,19,5.56157684e-05,1.13511465e-04,1.16444426e-06,2607
5,20,1.02206861e-04,1.13884744e-04,2.85164560e-07,318
5,21,9.88500615e-05,1.18243101e-04,9.09430526e-07,3102
5,22,1.12014714e-04,1.18759403e-04,2.54016641e-06,5392
5,23,1.22013989e-04,9.25288768e-05,2.81285270e-06,16
5,24,9.21447645e-05,3.20368417e-06,7.36063521e-06,906
5,25,1.00410165e-04,4.90164857e-05,6.70228656e-06,898
5,26,7.88007746e-05,6.41320657e-05,1.00337875e-05,1995
5,27,8.35182582e-05,9.00234081e-05,8.95213543e-06,1475
5,28,9.31088944e-05,1.11983260e-04,1.08509348e-05,1628
5,29,1.22582758e-04,9.18010119e-05,1.38886426e-05,3195
5,30,1.01182413e-04,4.60872870e-05,1.68350598e-05,2764
5,31,8.08081895e-05,4.37927229e-05,1.72252203e-05,1486
5,32,5.02811636e-05,1.55428061e-05,1.83437896e-05,2298
5,33,1.39007214e-04,3.53887808e-05,1.62780689e-05,27
5,34,1.06494779e-04,1.06964311e-04,1.81506530e-05,1630
5,35,1.21340549e-04,7.50779800e-05,2.03285217e-05,1049
5,36,1.36079498e-05,2.47786247e-05,2.08903293e-05,91
5,37,1.00462225e-04,1.20883400e-04,2.47605913e-05,985
5,38,1.20340519e-05,3.90346286e-05,2.48440829e-05,337
5,39,1.31019129e-04,5.66673334e-05,2.77009858e-05,3137
5,40,2.87205421e-05,1.04193379e-04,2.60601355e-05,854
5,41,8.22288985e-06,7.25668069e-05,2.76561077e-05,673
5,42,7.43153578e-05,1.25046572e-04,2.96751296e-05,1591
5,43,1.27777836e-04,2.85706519e-05,3.03920315e-05,535
5,44,5.34891988e-05,8.72370001e-05,3.07187947e-05,258
5,45,1.05607462e-04,3.82076396e-05,3.51791605e-05,2464
5,46,7.41665281e-05,5.42584203e-05,3.84914092e-05,3501
5,47,5.43271199e-05,8.60826767e-05,3.62301143e-05,3082
5,48,2.56735784e-05,1.28631247e-04,3.74845185e-05,2807
5,49,9.88592292e-05,1.13414762e-05,3.62829378e-05,250
5,50,1.10805195e-04,3.49130496e-05,3.92293223e-05,1565
5,51,9.20564562e-05,5.31222358e-05,3.92246766e-05,1683
5,52,4.15663708e-05,1.33039357e-04,4.17908013e-05,4155
5,53,1.08620610e-04,2.28104618e-05,4.11142391e-05,2154
5,54,5.72775825e-05,8.70185831e-05,4.04855346e-05,1176
5,55,8.86855705e-05,1.13252236e-05,4.24909013e-05,638
5,56,6.46845947e-05,1.34240123e-04,4.38571187e-05,2132
5,57,5.27557058e-05,2.86627019e-05,4.25383696e-05,257
5,58,5.10203536e-05,6.37895355e-05,4.38348761e-05,1003
5,59,1.91787058e-05,5.66758936e-05,4.43189856e-05,942
5,60,7.10907407e-05,5.33266902e-05,4.61007658e-05,2366
5,61,7.62002237e-05,5.50899967e-05,4.65814919e-05,2391
5,62,1.40840384e-05,5.34116116e-05,4.58573595e-05,610
5,63,1.15901486e-04,4.16979638e-05,4.95774475e-05,3855
5,64,2.89698619e-05,2.14072970e-05,4.69079823e-05,116
5,65,1.37351482e-04,1.14117654e-04,5.13385748e-05,1906
5,66,4.42324053e-05,1.04703104e-04,5.08955163e-05,2245
5,67,1.36331173e-05,3.02502940e-05,4.98471018e-05,480
5,68,1.11344991e-04,1.30960310e-04,5.26756739e-05,2280
5,69,1.77467391e-05,7.11145040e-05,5.11185935e-05,922
5,70,1.13133479e-04,2.46925010e-05,5.17379995e-05,1103
5,71,8.91097370e-05,6.77364515e-05,6.02882865e-05,9622
5,72,3.34967081e-05,9.00649393e-05,5.35688268e-05,1856
5,73,5.02432340e-05,9.05125999e-05,5.30072393e-05,2475
5,74,9.19163067e-05,1.18307944e-04,5.46376250e-05,3250
5,75,4.49006002e-05,1.24837330e-04,5.64260336e-05,5285
5,76,7.66152516e-05,1.24197366e-04,5.67111856e-05,1155
5,77,5.42006565e-05,1.12833650e-05,5.68758478e-05,16
5,78,9.21610699e-05,1.14512168e-05,5.94482517e-05,1725
5,79,6.46558183e-05,5.06750512e-05,5.96040118e-05,1681
5,80,1.15525181e-05,3.77751931e-05,5.85109556e-05,254
5,81,5.17068074e-05,8.94713230e-05,5.93741170e-05,20
5,82,6.99245793e-05,6.22391381e-05,6.20638675e-05,1970
5,83,5.18655543e-05,2.48150573e-05,6.14588134e-05,1460
5,84,1.37946063e-05,5.03688243e-05,6.12094445e-05,78
5,85,1.41952796e-05,1.00844343e-04,6.23944870e-05,1667
5,86,4.00862846e-05,3.06098009e-05,6.23866945e-05,1154
5,87,6.71256275e-05,8.83258617e-05,6.26688343e-05,944
5,88,5.08259182e-05,1.01567399e-04,6.26295368e-05,837
5,89,1.16770818e-04,2.66710667e-05,6.26620604e-05,825
5,90,8.08672048e-05,5.73821999e-05,6.28206399e-05,590
5,91,5.47921809e-05,1.02818667e-04,6.28891139e-05,1177
5,92,4.15763225e-06,8.52624798e-05,6.30677823e-05,262
6,1,2.74189861e-05,2.64976698e-05,1.79947961e-07,137
6,2,2.49503664e-05,2.80789391e-05,4.10578167e-07,389
6,3,1.02062499e-04,4.71103158e-05,1.12194869e-07,190
6,4,2.12555028e-06,5.85166345e-05,2.60097090e-06,3004
6,5,2.45437659e-05,5.67528114e-05,2.10773962e-07,93
6,6,8.04998563e-05,6.02776745e-05,2.85213190e-07,162
6,7,8.32174919e-05,6.70657755e-05,2.13388594e-05,25118
6,8,7.78720423e-05,6.40498547e-05,1.46259353e-07,44
6,9,2.32916591e-05,7.40970572e-05,1.75120277e-07,225
6,10,8.80346561e-05,7.68557438e-05,1.64399785e-06,2237
6,11,2.16599146e-05,8.57021441e-05,4.38982033e-06,11629
6,12,8.20094938e-05,8.75755140e-05,1.28804615e-07,23
6,13,1.21520105e-04,9.28184745e-05,1.83377338e-07,506
6,14,8.73222143e-06,1.06297302e-04,2.63795982e-06,3920
6,15,1.01736980e-04,1.09053537e-04,1.67314136e-06,2901
6,16,5.52370111e-05,1.12682595e-04,1.00127613e-06,2116
6,17,1.85681292e-05,1.14477574e-04,4.37541712e-06,15738
6,18,9.82068668e-05,1.18788368e-04,1.03602861e-06,3980
6,19,1.11206944e-04,1.18830110e-04,2.76051242e-06,5127
6,20,2.57882293e-05,2.69275097e-05,6.70573354e-06,2591
6,21,1.22137251e-04,9.24664564e-05,2.77597837e-06,29
6,22,9.15315759e-05,3.54126291e-06,8.07534525e-06,912
6,23,1.01152211e-04,1.10832902e-04,9.71763529e-06,1642
6,24,7.97211251e-05,6.19056736e-05,8.83096527e-06,377
6,25,8.36046311e-05,9.00438608e-05,8.95203266e-06,932
6,26,9.31196846e-05,1.11881862e-04,1.09117273e-05,1830
6,27,1.22719590e-04,9.18741644e-05,1.41958153e-05,4433
6,28,8.13834922e-05,6.44459069e-05,1.75223322e-05,3053
6,29,1.01899001e-04,4.63527213e-05,1.65447073e-05,2722
6,30,8.15053645e-05,4.33698515e-05,1.69871819e-05,1684
6,31,5.04563650e-05,1.61359458e-05,1.84523051e-05,2508
6,32,1.06394407e-04,1.06971471e-04,1.79966901e-05,1707
6,33,1.21650337e-04,7.46023943e-05,2.02359679e-05,1291
6,34,1.35966011e-05,2.45725569e-05,2.08245037e-05,56
6,35,1.00481215e-04,1.20925033e-04,2.49103323e-05,1153
6,36,1.21072007e-05,3.89400848e-05,2.50081084e-05,185
6,37,1.30958622e-04,5.65702576e-05,2.80491840e-05,2650
6,38,2.87236689e-05,1.04053070e-04,2.59660301e-05,260
6,39,8.22921447e-06,7.27936931e-05,2.73371825e-05,421
6,40,7.40429095e-05,1.25338192e-04,2.89271375e-05,2393
6,41,1.27657680e-04,2.91051529e-05,3.00536740e-05,1118
6,42,5.43526330e-05,8.62464658e-05,3.56376877e-05,3671
6,43,1.05732266e-04,3.81960053e-05,3.52151510e-05,2563
6,44,7.25926002e-05,5.35108775e-05,4.24210120e-05,6688
6,45,2.56832318e-05,1.28581509e-04,3.74103729e-05,2732
6,46,8.47718475e-05,6.70486697e-05,3.55122829e-05,78
6,47,9.88963657e-05,1.12613934e-05,3.63035469e-05,66
6,48,1.10676003e-04,3.46386623e-05,3.87875261e-05,1659
6,49,9.16508579e-05,5.31676960e-05,3.94464842e-05,1508
6,50,1.08638829e-04,2.27925484e-05,4.10144821e-05,2149
6,51,4.17747578e-05,1.32965055e-04,4.18964228e-05,4085
6,52,5.72929785e-05,8.71100274e-05,4.03165832e-05,1305
6,53,6.44245665e-05,1.34054819e-04,4.42353012e-05,2356
6,54,5.10633909e-05,6.38144265e-05,4.36928640e-05,838
6,55,5.29414210e-05,2.84965608e-05,4.25238031e-05,41
6,56,1.91326926e-05,5.65684932e-05,4.45538535e-05,541
6,57,1.41635037e-05,5.34704341e-05,4.55795816e-05,480
6,58,7.61777264e-05,5.50723671e-05,4.66853380e-05,1959
6,59,1.16098512e-04,4.15529212e-05,4.92443796e-05,2980
6,60,2.90560311e-05,2.15015225e-05,4.71085259e-05,155
6,61,1.10860092e-04,1.31410430e-04,5.19407295e-05,3117
6,62,1.43356046e-05,3.03218003e-05,4.96008834e-05,588
6,63,4.42337187e-05,1.04756262e-04,5.08747471e-05,2062
6,64,1.37578507e-04,1.14201575e-04,5.12178194e-05,920
6,65,1.78447481e-05,7.10667955e-05,5.10908649e-05,1098
6,66,1.13130103e-04,2.46560176e-05,5.18643246e-05,1015
6,67,9.01100138e-05,6.89819863e-05,5.38620443e-05,1168
6,68,3.35655823e-05,8.99071383e-05,5.38033528e-05,1611
6,69,5.01917566e-05,9.04240078e-05,5.31046317e-05,2346
6,70,9.20283128e-05,1.18288423e-04,5.47732488e-05,3233
6,71,4.48573373e-05,1.24969563e-04,5.68890282e-05,4332
6,72,7.55762085e-05,1.24420112e-04,5.63971844e-05,1926
6,73,7.35083886e-05,5.52990386e-05,5.65326336e-05,46
6,74,9.20741368e-05,1.14834766e-05,5.89717820e-05,837
6,75,1.06925836e-05,3.77949182e-05,5.84943045e-05,483
6,76,6.44301035e-05,5.11499711e-05,5.97397520e-05,1832
6,77,8.86324196e-05,6.79384611e-05,6.18534614e-05,2418
6,78,5.17869630e-05,2.45325518e-05,6.13857119e-05,1618
6,79,6.98454824e-05,6.21468716e-05,6.22076841e-05,1824
6,80,8.08925761e-05,5.82705652e-05,6.26135297e-05,1286
6,81,1.44251999e-05,1.00963378e-04,6.25011671e-05,1764
6,82,5.01868781e-05,1.02302947e-04,6.23084416e-05,1207
6,83,1.16536772e-04,2.63770708e-05,6.26553810e-05,1246
6,84,4.01704274e-05,2.96911803e-05,6.24772074e-05,947
6,85,6.70416193e-05,8.80258740e-05,6.26230176e-05,1026
6,86,5.52596648e-05,1.02881626e-04,6.28729176e-05,1209
6,87,4.18236459e-06,8.52514713e-05,6.30357681e-05,292
7,1,2.72914094e-05,2.71725530e-05,4.44475177e-07,145
7,2,2.49375826e-05,2.79372107e-05,0.00000000e+00,11
7,3,1.03651597e-04,4.14023561e-05,4.85240321e-07,316
7,4,2.59516173e-06,5.89389128e-05,2.38801158e-06,2651
7,5,8.05125237e-05,6.01627908e-05,2.25331291e-07,139
7,6,8.27372787e-05,6.68502762e-05,1.88279882e-05,35538
7,7,2.31656486e-05,7.36876318e-05,2.24006868e-07,182
7,8,8.79425934e-05,7.67971869e-05,1.59746378e-06,2385
7,9,2.16627559e-05,8.55366525e-05,4.33215973e-06,10158
7,10,8.20435816e-05,8.76549675e-05,3.51293266e-07,189
7,11,1.21264959e-04,9.35648568e-05,4.33561922e-07,827
7,12,9.62612648e-06,1.06865329e-04,2.85332112e-06,3195
7,13,1.01711477e-04,1.08968641e-04,1.47910714e-06,2400
7,14,5.51497433e-05,1.11760841e-04,1.13019962e-06,2885
7,15,1.87096812e-05,1.14467002e-04,4.51362530e-06,13237
7,16,9.88015090e-05,1.18104421e-04,1.09777091e-06,4525
7,17,1.10471592e-04,1.18966498e-04,2.92639652e-06,5858
7,18,2.60493671e-05,2.68828135e-05,7.07288655e-06,1468
7,19,9.11515890e-05,4.08733104e-06,8.37944845e-06,757
7,20,7.86605378e-05,6.38206402e-05,8.52431185e-06,559
7,21,8.36048348e-05,9.00063242e-05,8.93116521e-06,1272
7,22,1.01142221e-04,1.10900735e-04,9.82179063e-06,1139
7,23,1.02877741e-04,4.37252274e-05,8.75061687e-06,10
7,24,9.32554976e-05,1.11895279e-04,1.09733728e-05,1598
7,25,1.22947400e-04,9.19828744e-05,1.46567463e-05,3324
7,26,1.02277620e-04,4.62659846e-05,1.61567441e-05,3281
7,27,8.21405119e-05,4.31229528e-05,1.65750298e-05,1086
7,28,1.06366584e-04,1.06990497e-04,1.78182599e-05,1816
7,29,9.46195141e-05,1.11974703e-04,1.65827332e-05,49
7,30,5.08966950e-05,1.65298297e-05,1.86512461e-05,1951
7,31,1.21653145e-04,7.42326083e-05,2.03128402e-05,1095
7,32,1.35909522e-05,2.45439660e-05,2.07671328e-05,88
7,33,1.00636360e-04,1.20912118e-04,2.50995672e-05,1125
7,34,1.23092659e-05,3.89698944e-05,2.51786005e-05,262
7,35,2.86530230e-05,1.04048828e-04,2.59752251e-05,262
7,36,7.37734736e-05,1.25597464e-04,2.85294973e-05,3751
7,37,8.09849371e-06,7.25023856e-05,2.74485647e-05,1027
7,38,1.30955363e-04,5.64655347e-05,2.82996680e-05,1530
7,39,1.27811276e-04,2.98410487e-05,2.99183012e-05,590
7,40,5.36006592e-05,8.72400851e-05,3.08886665e-05,102
7,41,1.05626670e-04,3.81594873e-05,3.52796014e-05,2177
7,42,5.45482653e-05,8.61332155e-05,3.61444181e-05,2394
7,43,2.58117580e-05,1.28610438e-04,3.74399497e-05,2787
7,44,8.47000483e-05,6.69352376e-05,3.50000046e-05,10
7,45,7.22502373e-05,5.31934493e-05,4.28645435e-05,5301
7,46,1.10464694e-04,3.45432309e-05,3.85935855e-05,1107
7,47,9.09601658e-05,5.29272074e-05,3.91732465e-05,1480
7,48,4.16767034e-05,1.32997433e-04,4.18619529e-05,4117
7,49,5.73611032e-05,8.71497323e-05,4.05418177e-05,1470
7,50,1.08599423e-04,2.29535963e-05,4.13974049e-05,1791
7,51,5.28508390e-05,2.83720638e-05,4.24993450e-05,180
7,52,6.42264931e-05,1.33661611e-04,4.45598198e-05,1896
7,53,5.10198079e-05,6.37790727e-05,4.37926028e-05,775
7,54,1.41429064e-05,5.34116843e-05,4.54868532e-05,854
7,55,1.93743490e-05,5.63580106e-05,4.44849429e-05,622
7,56,7.61524789e-05,5.50438272e-05,4.67563004e-05,1940
7,57,2.89760756e-05,2.13793701e-05,4.72700558e-05,113
7,58,1.16104537e-04,4.16619259e-05,4.88897713e-05,1591
7,59,1.48488671e-05,3.01189320e-05,4.90469720e-05,561
7,60,4.42877827e-05,1.04767030e-04,5.08149424e-05,2328
7,61,1.10480236e-04,1.31809225e-04,5.18417946e-05,2564
7,62,1.78594164e-05,7.10255335e-05,5.10788050e-05,724
7,63,1.37926574e-04,1.14060298e-04,5.22469782e-05,393
7,64,1.13178314e-04,2.45907540e-05,5.18550441e-05,544
7,65,3.34576616e-05,8.99459483e-05,5.35389372e-05,1683
7,66,5.03567171e-05,9.04344997e-05,5.30731886e-05,2037
7,67,9.18771475e-05,1.18336990e-04,5.46759584e-05,3320
7,68,8.97669088e-05,7.02883990e-05,5.25607320e-05,180
7,69,4.45227342e-05,1.25084887e-04,5.75530648e-05,5188
7,70,7.46183214e-05,1.24253114e-04,5.61607849e-05,2504
7,71,5.43148344e-05,1.15802977e-05,5.62079076e-05,58
7,72,9.21780083e-05,1.14094464e-05,5.91965982e-05,1208
7,73,1.02570539e-05,3.80313941e-05,5.80261185e-05,310
7,74,6.45083419e-05,5.07998047e-05,5.97047583e-05,1698
7,75,8.07493052e-05,5.87788381e-05,6.24013701e-05,833
7,76,8.80859152e-05,6.82401951e-05,6.19892307e-05,2424
7,77,5.19265450e-05,2.41888229e-05,6.13105803e-05,1585
7,78,6.97938813e-05,6.21055297e-05,6.24373788e-05,2062
7,79,4.97558285e-05,1.03087761e-04,6.24239838e-05,1170
7,80,1.16282295e-04,2.60439228e-05,6.24374443e-05,778
7,81,4.00048411e-05,2.90161661e-05,6.26584515e-05,1290
7,82,6.69302972e-05,8.77811544e-05,6.25801695e-05,939
7,83,1.43599282e-05,1.01005469e-04,6.26816254e-05,1632
7,84,5.56109298e-05,1.02871658e-04,6.28861162e-05,1277
7,85,4.16381044e-06,8.52139274e-05,6.29962087e-05,249
7,86,1.64789835e-05,9.95814189e-05,6.21146028e-05,13
8,1,2.61199166e-05,2.68721651e-05,4.95507948e-06,3782
8,2,3.39455096e-06,5.93233526e-05,2.74121021e-06,2812
8,3,8.58808999e-05,6.09195631e-05,3.15769455e-07,310
8,4,8.07547840e-05,6.12297808e-05,8.11048039e-07,484
8,5,8.15955718e-05,6.63341489e-05,9.88338797e-06,16694
8,6,2.32330676e-05,7.35978902e-05,4.81824827e-07,767
8,7,8.79475629e-05,7.68300742e-05,1.34244181e-06,2026
8,8,2.18654295e-05,8.54636673e-05,4.38626148e-06,8704
8,9,8.61167864e-05,9.12305550e-05,1.76164932e-07,73
8,10,1.21373574e-04,9.36953802e-05,3.97735107e-07,779
8,11,1.07738460e-05,1.07246728e-04,2.69853831e-06,3583
8,12,1.01671314e-04,1.09041401e-04,1.20058337e-06,1991
8,13,5.48300050e-05,1.10916750e-04,1.12003545e-06,2626
8,14,1.88951108e-05,1.14364011e-04,4.52921131e-06,14222
8,15,9.86318992e-05,1.18266347e-04,8.29948590e-07,2994
8,16,1.09703324e-04,1.18718759e-04,2.97220913e-06,4934
8,17,9.07565773e-05,4.59183002e-06,8.48782111e-06,1041
8,18,8.65646070e-05,6.99986122e-05,6.49999902e-06,25
8,19,7.92295396e-05,6.37064077e-05,7.66280846e-06,132
8,20,8.36152540e-05,9.00430241e-05,8.95309040e-06,1250
8,21,1.01078389e-04,1.10923240e-04,9.70084693e-06,1420
8,22,7.93218787e-05,6.26627952e-05,9.55785345e-06,26
8,23,9.33854390e-05,1.11941117e-04,1.07053838e-05,1224
8,24,1.23238802e-04,9.22529871e-05,1.50838669e-05,3517
8,25,1.03100829e-04,4.63195065e-05,1.62489323e-05,2224
8,26,8.47733754e-05,6.82963873e-05,1.81169034e-05,8084
8,27,8.28368720e-05,4.25387043e-05,1.64716384e-05,1282
8,28,5.09663296e-05,1.69280174e-05,1.85822973e-05,2909
8,29,1.06433676e-04,1.07035456e-04,1.80277202e-05,1774
8,30,1.21895180e-04,7.38199305e-05,2.03548279e-05,1236
8,31,1.35258715e-05,2.45724113e-05,2.09443861e-05,183
8,32,8.25729003e-05,6.72508831e-05,2.81572466e-05,8060
8,33,1.00709280e-04,1.20725963e-04,2.48950200e-05,1092
8,34,7.34576024e-05,1.26012150e-04,2.81082885e-05,3570
8,35,1.24024800e-05,3.91346912e-05,2.54881688e-05,173
8,36,2.87695784e-05,1.04104140e-04,2.60323486e-05,210
8,37,8.16053216e-06,7.24182173e-05,2.75296079e-05,1014
8,38,1.37559226e-04,9.16276767e-05,2.57386455e-05,44
8,39,1.30846383e-04,5.63600770e-05,2.85871411e-05,2485
8,40,1.27966545e-04,3.05744252e-05,2.95790560e-05,593
8,41,1.05547020e-04,3.81870377e-05,3.54530166e-05,2146
8,42,5.44598734e-05,8.60550863e-05,3.63215659e-05,2081
8,43,2.58481523e-05,1.28566942e-04,3.75447453e-05,3024
8,44,9.89997934e-05,1.11880554e-05,3.63501422e-05,43
8,45,1.10199435e-04,3.45936132e-05,3.85454150e-05,973
8,46,9.04320186e-05,5.28704331e-05,3.90913447e-05,1457
8,47,7.50945765e-05,1.27727937e-04,3.70000016e-05,14
8,48,4.18054296e-05,1.32989720e-04,4.19873140e-05,3699
8,49,7.17625298e-05,5.30610087e-05,4.43653225e-05,4211
8,50,1.08517903e-04,2.28086155e-05,4.14891147e-05,1470
8,51,5.73688048e-05,8.72106611e-05,4.05344908e-05,1172
8,52,6.41012302e-05,1.33205802e-04,4.49264007e-05,2935
8,53,8.86285779e-05,1.11345435e-05,4.27793602e-05,122
8,54,7.60004550e-05,5.49991855e-05,4.62511780e-05,2775
8,55,5.10481586e-05,6.38830970e-05,4.36018563e-05,641
8,56,1.97011905e-05,5.61214729e-05,4.43330973e-05,607
8,57,1.43189263e-05,5.33812381e-05,4.51967207e-05,1075
8,58,4.62233438e-05,1.05056592e-04,4.47404527e-05,89
8,59,9.42492261e-05,7.16537306e-06,4.45000078e-05,18
8,60,1.15959934e-04,4.13252928e-05,4.85221317e-05,2937
8,61,2.91678589e-05,2.14692336e-05,4.74762164e-05,143
8,62,1.57097656e-05,2.98749346e-05,4.88578480e-05,1038
8,63,8.79343934e-05,7.19665986e-05,4.97226793e-05,258
8,64,4.44360558e-05,1.04936698e-04,5.09885249e-05,2136
8,65,1.09729655e-04,1.32211528e-04,5.15963584e-05,1170
8,66,1.78629198e-05,7.10539898e-05,5.11004073e-05,773
8,67,1.37802912e-04,1.14392948e-04,5.25030518e-05,1825
8,68,1.13168433e-04,2.48516280e-05,5.18013730e-05,789
8,69,3.34099277e-05,9.00218074e-05,5.37063461e-05,2297
8,70,5.02804432e-05,9.03728724e-05,5.30433063e-05,1969
8,71,9.15729324e-05,1.18146527e-04,5.49837168e-05,1062
8,72,7.42500633e-05,1.23921709e-04,5.56759878e-05,2166
8,73,4.44246070e-05,1.25389575e-04,5.80913184e-05,4518
8,74,5.42348535e-05,1.14101067e-05,5.64696020e-05,620
8,75,7.37933078e-05,5.48582684e-05,5.60386979e-05,152
8,76,8.71643279e-05,6.96852803e-05,5.65331538e-05,380
8,77,9.22302424e-05,1.14403947e-05,5.88068324e-05,1639
8,78,9.51339916e-06,3.80129131e-05,5.79245861e-05,184
8,79,6.49087597e-05,5.02792100e-05,5.91872958e-05,1120
8,80,8.70688382e-05,6.83120888e-05,6.17386249e-05,1905
8,81,5.21386100e-05,2.39468336e-05,6.13953671e-05,1441
8,82,1.15805276e-04,2.59818062e-05,6.20594001e-05,941
8,83,6.98452350e-05,6.21154250e-05,6.25698085e-05,1916
8,84,3.98036536e-05,2.78296247e-05,6.25574758e-05,825
8,85,6.67087370e-05,8.76770355e-05,6.25083849e-05,885
8,86,1.44586429e-05,1.00983816e-04,6.26377150e-05,1791
8,87,4.93688749e-05,1.04093808e-04,6.24808308e-05,974
8,88,8.03975636e-05,5.94873600e-05,6.26449619e-05,420
8,89,4.21382128e-06,8.52637386e-05,6.28845592e-05,459
8,90,5.60922781e-05,1.03171791e-04,6.31032817e-05,1187
